,precision,recall,f1-score,support
Dead,0.9666666666666667,1.0,0.9830508474576272,29.0
Grass,0.8428571428571429,0.9833333333333333,0.9076923076923077,60.0
Healthy,0.9403889304412865,0.999046483909416,0.9688306684646504,12585.0
Small,0.9379611915823995,0.9982547993019197,0.9671692264337044,3438.0
Yellow,0.9109947643979057,1.0,0.9534246575342465,174.0
background,0.0,0.0,0.0,1051.0
accuracy,0.938282286439407,0.938282286439407,0.938282286439407,0.938282286439407
macro avg,0.7664781159909002,0.8301057694241115,0.7966946179304227,17337.0
weighted avg,0.8823108448505437,0.938282286439407,0.9094265251517257,17337.0
