class_id,class_name,TP,FP,FN,TN,PPV,NPV
0,Dead,29,1,0,17307,0.9666666666666667,1.0
1,Grass,59,11,1,17266,0.8428571428571429,0.9999420860601147
2,Healthy,12573,797,12,3955,0.9403889304412865,0.99697504411394
3,Small,3432,227,6,13672,0.9379611915823995,0.9995613393771019
4,Yellow,174,17,0,17146,0.9109947643979057,1.0
