split,mP,mR,mAP50,mAP50_95,F1_from_mP_mR
validation,0.9951135592642493,0.9886180178503036,0.9929451150232517,0.9614121632369141,0.9918551540392935
test,0.9907464486952706,0.9918838029809056,0.9943017678877857,0.9592071638325005,0.9913147996111554
